"idProduit","nomProduit","prix","poids","idCategories"
"29","Perler Beads Fuse Beads for Crafts, 1000pcs, Bubbl","5","0.10","5"
"0","WWE Massive Belt Banners - Airnormous WWE United S","12","0.75","7119"
"44","Perler Beads Fuse Beads for Crafts, 1000pcs, Green","5","0.15","5"
"592919","Perler Beads Fuse Beads for Crafts, 6000pcs, Dark ","12","0.70","5"
"81","Perler Beads Fuse Beads for Crafts, 1000pcs, Orang","5","0.02","5"
"1534","Perler Beads Fuse Beads for Crafts, 1000pcs, Masqu","5","0.14","5"
"16","Perler 80-63077 3D Pets Fuse Bead Kit, 2004pc, 10 ","11","0.58","5"
"4","Perler 42766 Bead Bucket, Multicolor","14","1.20","5"
"7000","Perler 80-22860 Instruction Pad for Fuse Beads, 86","6","0.38","5"
"91","Football Beads - Pack of 144","14","0.15","52"
"41434099","WikkiStix Animal Activity Pak","8","0.05","55"
"2147483647","Guardian Kids Bikes Ethos. 16/20/24 Inch, Multiple","118","10.00","6155"
"66674125","Excel Blades #13 Fine Saw Hobby Blade, 5 Pack, Ame","0","0.03","66"
"377","Excel Blades #19 Angled Wood Chisel Blade, 1 Inch,","6","0.03","66"
"31","Excel Blades #27 Heavy Duty Saw Hobby Blade, 5 Pac","8","0.03","66"
"456","Darice Chenille Stems (25pc), Grey – Perfect for C","8","0.06","80"
"2593975","Creativity Street 7182-01 Colossal Stems, Bumps, 1","24","0.20","80"
"9","Darice Chenille Stems (100pc), Red – Perfect for C","6","0.95","80"
"3809","Pacon PAC6590BN Lightweight Construction Paper Pad","9","6.40","105"
"34","SunWorks Heavyweight Construction Paper, 18 x 24 I","7","2.55","105"
"7","Strathmore (27-140 STR-27-140 30 Sheet Kids Bright","14","0.90","105"
"450000000","Pacon Riverside 3D Construction Paper, White, 9 x ","7","6.00","105"
"50","SunWorks Construction Paper, Dark Blue, 12 x 18, 1","16","2.70","105"
"5","Riverside 3D Construction Paper, Green, 9 x 12, 50","7","0.70","105"
"670000","Pacon 103064 Tru-Ray Construction Paper, 18in. x 2","14","3.65","105"
"15","Tru-Ray Heavyweight Construction Paper Pad, 10 Ass","10","1.00","105"
"1218","SunWorks Construction Paper, 10 Assorted Colors, 1","10","2.45","105"
"3943","Tru-Ray Heavyweight Construction Paper, Sky Blue, ","4","0.90","105"
"549","Riverside 3D Construction Paper, Holiday Red, 12 x","10","1.80","105"
"7841","SunWorks Construction Paper, Sky Blue, 12 x 18, 10","12","2.60","105"
"9082","Decorol 101208 Flame Retardant Paper, White","105","10.00","105"
"899645","SunWorks PAC6525 Construction Paper, 11 Assorted C","8","3.75","105"
"325","INOVART Calligraphy Parchment Paper Antique Gold 1","13","1.05","270"
"64","Darice Embosssing Folder Stripe Background 5X7","5","0.18","274"
"7921","Melissa & Doug Wooden Multi-Craft Weaving Loom (Ar","26","3.95","282"
"507","Darice 9163-46 Wood Airplane Craft","6","0.10","286"
"512","Melissa & Doug Tabletop Easel Paper Roll (12 inche","15","3.84","304"
"1","Mr. Sketch 1951331 Scented Twistable Crayons, Asso","7","0.45","320"
"47","Faber-Castell Beeswax Crayons in Durable Storage C","6","0.45","320"
"751225","Faber-Castell - Do Art Colored Pencils Art Kit - P","14","0.80","335"
"43","Faber-Castell Creative Studio Goldfaber Aqua Water","10","0.31","335"
"21284","Ken Oliver KN06354 Caribbean Brights Color Burst P","20","0.05","365"
"6","Crayola Gel FX Washable Markers, 80 ct., 10 Each o","35","2.55","370"
"2","Loew-Cornell 842 25-Piece Foam Brush Set, 1-Inch","6","0.30","375"
"642","FolkArt Milk Paint Brush, 38999 2-Inch","6","0.20","380"
"56","Sargent Art 17-4700 Art-Time 16oz, 6 Colors Washab","8","7.40","394"
"70119011","Prima Marketing Inc. 655350912598 912598 Scrapbook","13","0.11","411"
"24","KidKraft Art Table with Drying Rack and Storage","118","10.00","414"
"9482","Application Grateful Dead Rose with Logo Patch","7","0.02","419"
"38949520","Application Aerosmith EST. 1970 Patch","7","0.02","419"
"16420","Application DC Comics Superman Fist Patch","5","0.02","419"
"5101762","Application Peace Sign Rainbow Pride Patch","5","0.04","419"
"39","Application Army Star Patch","6","0.02","419"
"69","Application Sublime Weeping Sun Patch","8","0.01","419"
"13","Application Dead Kennedys Icon Patch","7","0.05","419"
"83299","Application DC Comics Originals Super Friends Patc","5","0.02","419"
"999829","Application Misfits Crystal Lake Skull Patch","8","0.02","419"
"74","Little Foot TPT That Purple Thang-","5","0.05","488"
"58","Creative Balloons Mfg Balloon Ribbon, 3/16 W x 500","23","1.35","492"
"11161","Disney Pirates of The Caribbean Master Key Pewter ","10","0.10","504"
"678","Great Eastern Entertainment Hellsing OVA Pentagram","7","0.10","504"
"95","Licenses Products Pink Floyd - Dark Side of the Mo","5","0.10","504"
"100","Disney Ariel PVC Figure Keyring","5","0.04","504"
"51","Great Eastern Entertainment Naruto Lee 3D SD Keych","11","0.02","504"
"7141","Rage RC C6033 Steering Hub Braces, Left/Right, for","8","0.02","512"
"904099930","JunFac 42223 Axle Mounts 2 for Tamiya High-Lift Ax","21","0.06","516"
"6936","Happy Trails Cow Plush Rocking Animal","42","10.00","529"
"17613","Happy Trails Zebra Plush Rocking Animal","48","8.05","529"
"316340","Little Bird Told Me Florence & Floop Rocking Horse","132","10.00","536"
"383297509","Bright Starts 3 Ways to Play Walker - Ford Mustang","79","10.00","539"
"3","Bella Tunno Konrad Koala Happy Sidekick","10","1.00","549"
"75000000","Nuby IcyBite Soothing Ring Teether 2pk - Colors Ma","5","0.40","557"
"48302275","Infantino Teether Toy, Squeeze & TeeThe Cow","15","0.40","557"
"26","Momma Goose Olive Cognac, Medium 12-12.5","12","0.01","557"
"11216","Bella Tunno Teething Necklace, Cameron","25","1.00","557"
"37","Dr. Brown's Learning Loop Infant Teether with Mult","6","0.15","557"
"82","Baby Wood Pacifier Clip and Silicon Owl Teether | ","10","0.15","557"
"75","Itzy Ritzy Silicone Teething Necklace Made of BPA-","15","1.00","557"
"27","Nuby 2-Pack ZooLoops Teethers, Colors May Vary","6","0.02","557"
"99553","Vulli Sophie The Giraffe New Box, Polka Dots","24","0.25","557"
"571057","green sprouts 3 Pack Fruit Cooling Teethers, Pink,","12","0.37","557"
"53","Itzy Ritzy Teething Ball & Training Toothbrush – S","14","0.25","557"
"802","Nickelodeon Spongebob Divided Plate","4","0.10","683"
"55","Tully Karessa Y36-5L 3.0 Weighted Blanket with Gla","32","5.32","697"
"749","Jay Franco Episode 7 BB8 Medallion Decal Woven Jer","37","2.10","697"
"57","Baby Doll Bedding Toddler Sheet, Red","13","0.45","703"
"94","GEENNY Lamp Shade, Air Show Airplane Aviator","26","0.25","719"
"87","Crystal Art Rustic Wood Collage Framed Wall Decor,","126","10.00","727"
"26180","Bloomingville A50166674 Every Day is A New Adventu","17","1.35","727"
"819","Dream Wall Decal, Creeper Nest","9","1.10","727"
"85","Bloomingville AH0263 Wall Décor, White","87","9.06","727"
"9634","Oopsy Daisy Birdie Family Growth Chart by Patchi C","22","0.95","728"
"63","Kid's Cowboy Wall Vinyl Sticker Growth Chart 2ft -","28","0.10","728"
"2823","Edge home Products Jungle Walltoons Wall Sticker","7","0.40","763"
"9068663","The Stupell Home Décor Collection Mermaid Off Duty","30","1.85","848"
"8","The Kids Room by Stupell Scatter Sunshine All Alon","26","2.10","848"
"16533","The Kids Room by Stupell Big Beautiful World Map W","22","2.31","848"
"54","The Kids Room by Stupell Red White and Blue Baseba","24","2.25","848"
"18","Stupell Home Décor Little Chief With Feathers Wall","26","2.15","848"
"961","The Kids Room by Stupell Good Vibes Only Red Green","30","3.00","848"
"90","Stupell Industries Building My Empire Pink and Ora","48","5.00","848"
"1594077594","Stupell Home Décor Deer Owl Fox Woodland Growth Ch","37","3.65","848"
"305160","Stupell Home Décor Dream Big Typography Canvas Wal","35","2.55","848"
"11","Stupell Industries More Loved Giraffe Cartoon Fami","30","3.00","848"
"25","The Kids Room by Stupell Our Our Little Blessing P","35","4.00","848"
"57706","Stupell Home Décor ABCs 123s Song and Icons Wall P","13","2.31","848"
"44892190","Babydoll Gingham Window Valance, Lavender","27","0.15","1023"
"362","Baby Doll Bedding Regal Window Valance, Green Appl","21","1.00","1023"
"59","Baby Doll Bedding Modern Hotel Style 5 Piece Windo","36","1.00","1023"
"594","Little Colorado Toddler Bedside Stand, Soft Pink","69","10.00","1046"
"989602","Sweet Jojo Designs Vintage Floral Boho Baby Kid Cl","40","3.00","1048"
"83","Little Colorado Personalized Soft Pink Potty Chair","15","6.61","1106"
"5086","Forum Novelties Women's Club Candy Double Fishnet ","10","0.10","1109"
"66","Dress Up America Little Red Gingham Chef Hat-Kids,","10","0.05","1109"
"2893","Rubie's Novelty Hand Bell","15","0.30","1109"
"149450","Disguise Rapunzel Deluxe Child Tiara-","11","0.05","1109"
"212","Rubie's Costume Co - Marvel Avengers Infinity War ","13","0.08","1109"
"4380","Link Breath Of The Wild Deluxe Bow Set","45","10.00","1109"
"470","Indiana Jones - Indiana Jones Hat and Whip Set Chi","18","0.22","1109"
"892","Ergobaby Metro Compact City Stroller Accessories, ","30","0.61","1110"
"420","Neon Crazy Party Wig Costume","13","0.45","1137"
"770","Paw Patrol Boys' Group Short Sleeve T-Shirt","5","0.31","1160"
"828","Handcraft Little Boys' Despicable Me Brief (Pack o","14","0.40","1170"
"482","Rubie's Costume Co Cleopatra Headpiece-Mesh Costum","16","0.30","1172"
"2413","Dress Up America Baby Dots N' Stripes Infant Clown","48","1.00","1177"
"990","Rubie's Costume Co. Baby Raccoon Costume","20","0.76","1177"
"875","Princess Paradise Baby Boys' The Wizard of Oz Tin ","19","1.33","1177"
"218","Forum Novelties Baby Boy's Plush Cuddlee Gorilla C","22","1.10","1177"
"7371","Amscan Cop Recruit Infants Costume","18","0.68","1177"
"676","Rubie's Costume Co Baby Boys' Sonic Romper Costume","33","1.00","1177"
"14933","Underwraps Baby's Alligator","21","1.00","1257"
"56240","Disney Baby Girls' Belle Infant Costume","40","0.39","1257"
"840","Disguise Baby Girl's Violet Jumpsuit W/Skirt Infan","40","0.60","1257"
"33","Barbie Bride Costume, Medium","28","0.60","1257"
"21","Forum Novelties Women's Forsaken Souls Costume","40","1.00","1302"
"38","Rubie's Women's Snowman Costume","18","0.90","1302"
"2956","Forum Novelties - Miss Monarch Costume","50","1.00","1302"
"3491950","Minion Movie Minion Costume","60","1.20","1302"
"886","Classic Star Wars Lando Calrissian Toddler Costume","15","0.58","1302"
"889","Secret Wishes DC Comics Justice League Superhero S","18","0.26","1302"
"9064992","Rubie's Costume Viking Warrior Boys Costume","34","1.06","1302"
"32","Star Wars Episode VIII - The Last Jedi Super Delux","35","2.00","1302"
"97535","Rubie's Costume Darth Vader Star Wars Classic Delu","38","1.20","1302"
"1644","Wild Wolfie Girl Kids Costume","23","0.80","1302"
"40","Forum Novelties Female Zombie Severed Head Hanging","15","0.35","1302"
"4699","Forum Novelties Women's 60's Mod Revolution Groovy","20","1.00","1302"
"6126","Rubie's Costume Co - Adult Reindeer Jumper","40","1.38","1302"
"14685164","Rubie's Jurassic World Stygimoloch Child Costume","20","0.68","1302"
"583","Shopkins Classic Ice Cream Kate Costume for Kids","35","2.00","1302"
"1683","Princess Paradise - Girls Sunflower Petal Pocket C","36","1.36","1302"
"7321","Rubie's Deluxe Shazam Pedro Child Costume","39","1.20","1302"
"924030","Rubie's Costume Co Women's Dc Superheroes Batgirl ","15","0.17","1302"
"87366","Rubie's Costume Co - Girls Gypsy Costume","22","0.87","1302"
"8495","Numnoms Tropi-Cali Pop Classic Costume, Medium/8-1","10","0.35","1302"
"52","Rubie's Costume Torra Doza Star Wars Resistance Ch","17","0.70","1302"
"76","Power Rangers Red Ranger Mighty Morphin Muscle Cos","9","0.78","1302"
"89040207","Charades Women's Pirate Lady Vixen Costume Blouse","15","0.64","1302"
"9885","Rubie's - Star Wars Classic Chewbacca Deluxe Costu","39","1.00","1302"
"39887","Rubie's Costume Womens Police Costume","16","0.80","1302"
"8906","Rubie's Costume Co. Men's Snowman Mascot Costume","324","1.00","1302"
"568447","Rubie's Costume Deluxe Hot Sequin Jacket","75","1.00","1302"
"1670390","Rubie's Costume Wheres Waldo Deluxe Adult Costume","31","1.06","1302"
"9448","70g Red/Black Feather Boa Costume Accessory","13","0.15","1302"
"757","Rubie's Star Wars A New Hope Deluxe Luke Skywalker","20","2.00","1302"
"99","Rubie's Costume Co. Men's Swankster Costume","58","1.59","1302"
"65114","Rasta Imposta - Grandpa Child 4-6 Costume","14","0.85","1302"
"5283","Ghostbusters Deluxe Jumpsuit Costume","23","1.00","1302"
"57848","Rubie's Costume Co. Men's Doctor Strange Economy C","37","0.64","1302"
"46","Rubie's Costume Boys Creature from The Green Lagoo","22","0.40","1302"
"35","Rubie's Men's Marvel Avengers Infinity War Iron Ma","22","0.88","1302"
"3196","Forum Novelties Men's Combat Hero Army Jumpsuit Co","19","1.00","1302"
"5689","California Costumes Men's Mardi Gras Jester","51","1.47","1302"
"9684691","Rubie's Adult Star Wars Darth Vader Glovelettes","11","0.28","1302"
"71","California Costumes Buzzin Around Child Costume, M","20","0.95","1302"
"48073","Duck Tales Gizmoduck Kids Costume","60","2.00","1302"
"84141","Rubie's Child's Costume, Orange Butterfly Costume-","21","0.60","1302"
"740","Disguise Belle Toddler Classic Costume","21","0.47","1302"
"62771","Rubies Sony Ghostbusters Girl Child Costume, Large","23","1.00","1302"
"14","KidKraft White Rose Bride Dress Up Costume - XS","42","0.51","1302"
"9683","Amscan 846579 Nerd Costume - Child Standard, Multi","23","0.55","1302"
"703138867","Forum Novelties Girl Golden Angel Costume, Medium,","28","1.00","1302"
"832715","Belle Prestige Disney Princess Beauty & The Beast ","23","1.15","1302"
"971","Girl's Wizard of Oz Trunk Set","40","5.00","1302"
"578","DC Super Villain Collection Joker Girl's Costume w","30","0.30","1302"
"85699332","Monster High Deluxe Clawdeen Wolf Costume - Small","37","0.65","1302"
"327","12 White Vampire Fangs, Plastic Teeth, Costume Acc","4","0.15","1302"
"3940","amscan Zoot Suit Jacket - Child","31","0.71","1302"
"510","SpongeBob Squarepants Girl's Patrick Costume, Medi","27","0.50","1302"
"257862","Fun World InCharacter Costumes Ninja's Mystique Co","27","0.95","1302"
"36503","Brave Merida Deluxe Costume, Auqa/Gold, X-Small","13","0.50","1302"
"449359","Monster High Sweet 1600 Deluxe Frankie Stein Costu","17","1.55","1302"
"20","Disguise Inc Girls' Pirate Lass Costume","20","2.00","1302"
"603","Underwraps Colonial Girl Costume","32","2.00","1302"
"10276898","amscan Cape Hooded Black Child","10","0.65","1302"
"92791619","Great Pretenders Fairy Blooms Deluxe Dress with Wi","35","0.90","1302"
"80856","Morphsuits Zebra for Kids - Childrens Fancy Dress ","15","0.60","1302"
"522","Child Dark Mad Hatter Costume","23","1.77","1302"
"6513","Rubie's Child's Lil Prisoner Costume, Medium","17","0.79","1302"
"160","Forum Novelties Arabian Prince Costume, Small","17","0.60","1302"
"43821911","Fun World Pilgrim Boy Child Costume","22","0.97","1302"
"81823","Rubies James Toddler/Child Costume-","34","0.55","1302"
"6479","Clown on the Town Child Costume (XL)","28","1.68","1302"
"78","Marvel Avengers Child's Captain America Costume Bu","23","1.10","1302"
"788","LEGO Movie Robin Prestige Child Costume","90","9.00","1302"
"8096","Samurai Deluxe Costume for Kids","70","1.66","1302"
"521","Rubie's Kid's Wizard Of Oz Tin ManCostume, Large, ","24","1.00","1302"
"88","Underwraps Kid's Padded Muscle Shirt","13","0.80","1302"
"171","Forum Novelties Union Officer Child's Costume, Med","21","0.80","1302"
"41172","Creativity Street Plain Plastic Feminine Mask,whit","4","0.10","2013"
"8250","Rubie's Costume Co Women's Teenage Mutant Ninja Tu","5","0.44","2013"
"45","Rubie's Unisex-Adults Day Of The Dead Mask With Ha","10","0.30","2013"
"884","amscan Black & Gold Crackle Long Nose Mask, Standa","15","0.25","2013"
"80","Rubie's Costume Dc Heroes and Villains Collection ","38","8.00","2013"
"833","Rubie's Costume Co. Women's Suicide Squad Harley C","25","0.47","2034"
"184","Forum Novelties Roman Gladiator Warrior Gold Red C","10","0.25","2049"
"491","Forum Men's Biker Santa Leather Hat","12","1.00","2049"
"965620","Secret Wishes Dancing Girl Petticoat","16","1.00","2099"
"988","Charades Men's Disco Pant","10","0.88","2099"
"54292","Forum Novelties Men's Zombie Shirt with Chest Woun","15","1.00","2299"
"68","Rubie's Costume Teenage Mutant Ninja Turtles Top W","14","1.00","2917"
"17","Rubie's Adult Star Wars R2-D2 Legwear","34","0.48","2926"
"40000","Skechers Kids Skechers Twinkle Toes Glimmer Backpa","12","0.30","3001"
"628587015","Everest Deluxe Small Backpack, Black, One Size","15","0.65","3001"
"8934","Skechers Kids Skechers Twinkle Toes Glimmer Backpa","12","0.30","3001"
"2477","Aquarella Kids Backpack, Ice Cream","11","0.25","3001"
"17660","Just My Style Color Your Own Unicorn Messenger Bag","12","0.65","3127"
"5678","Luggage Tag Dc Comics Batman US Logo Novelty","7","0.02","3132"
"21692","Great Eastern Entertainment Negima School Logo Wal","4","0.10","3150"
"5483","Great Eastern Entertainment Boys Attack On Titan -","25","0.10","3150"
"7915","My Little Pony Girls' Rainbow Dash Hoodie","12","0.80","3209"
"7549676","Great Eastern Entertainment Sailor Moon Button, 3","8","0.06","3229"
"9351","Teenage Mutant Ninja Turtles Men's TMNT Leonardo F","17","0.35","3242"
"6166","Nerf Pocket Camcorder - Yellow (38056)","50","0.90","3336"
"2224","eKids Paw Patrol Bluetooth Portable MP3 Karaoke Ma","46","2.41","3344"
"73","DecoPac Finding Nemo and Squirt Decoset","15","0.10","3349"
"716","Ginger Ray PO-407 Patchwork Owl Cake Bunting Decor","4","0.10","3349"
"648","Marvel Epic Avengers™ Square Plates, 9, Party Supp","41","1.80","3402"
"443","American Educational Vinyl Clever Catch Food and N","17","0.20","3417"
"700000000","Redcat Racing Rampage Aluminium Radio Tray","13","0.10","3441"
"42","TEAM LOSI RACING Front and Rear Gear Box Set: All ","22","0.02","3476"
"205413","Redcat Racing BS711-010 Mud Flap Set","10","0.15","3476"
"495672110","Team Associated 25202 M3 x 10mm Flat Head Hex Scre","6","0.02","3476"
"366","Mi-Zone Abbey Twin/Twin XL Girls Quilt Bedding Set","47","4.75","3540"
"670","Disney Minnie Mouse Bowtique 'Garden Party' Fleece","30","2.20","3554"
"9422","Ben&Jonah Throw Blankets, Perfect for The Fall & W","24","1.00","3585"
"775","Posh Home Pompom Velvet Emoji Fleece Plush Throw, ","30","1.60","3585"
"51107150","Mi Zone Kids Sealife Full Kids Bedding Sets for Bo","60","8.80","3620"
"66191901","Mi Zone Kids Tessa Comforter Reversible Colorful T","80","7.50","3620"
"102","My Room Peace Out Girls Comforter Set with Bedskir","47","5.15","3620"
"30","Jay Franco Harry Potter Always Bed Set, Twin","60","5.20","3620"
"848632","Unbranded Emoji, Cool Dude, 3-Piece Comforter Set ","50","5.75","3620"
"480000","Heritage Club Ultra Soft – Sierra – Hypoallergenic","40","4.70","3620"
"639","Urban Habitat Kids Callie Comforter Reversible 100","100","9.20","3620"
"780","Madison Park Essentials Hayden Reversible Stripes ","48","8.10","3620"
"442073","Mi Zone Kids Choo Choo Charlie Twin Kids Bedding S","60","7.85","3620"
"93","Jay Franco Disney Frozen 2 Forest Spirit Twin/Full","36","4.23","3620"
"77","Disney Frozen I'm Olaf Travel Neck Pillow","15","0.45","3854"
"1833","Signature Design by Ashley Q319001T Jolana 2 Piece","39","4.90","3932"
"3245","Be-You-tiful Home Damask Euro Sham, King, Coral","43","0.73","3994"
"9646808","Monogram Online SB5596 Custom Dream Big Kids Sleep","10","0.30","4009"
"85750377","Monogram Online AP-T220-4 Customized Happy Kids Sl","19","0.30","4009"
"97","Monogram Online AP-T220-5 Customized Thinking Kids","19","0.30","4009"
"5466","Shore Breeze Twin Sheet Set","25","2.03","4044"
"705","IZOD Blake Sheet Set, Twin XL, Khaki","90","4.92","4044"
"262","Parma Wrinkle Free 4 Piece Full Size Cotton Sheet ","95","6.50","4044"
"554","One Grace Place Terrific Tie Dye Full Sheet Set","253","3.05","4044"
"10","Jay Franco Harry Potter Spellbound 3 Piece Twin Sh","30","1.75","4044"
"234","Rainbow Party Plastic Tablecloth, 84 x 54","4","0.25","4148"
"8146","New York Giants Collection Printed Latex Balloons,","4","0.02","4164"
"395813","Amscan 220160 Photo Garland, 12ft, Multicolor","5","0.20","4200"
"16187","Amscan 12 Count Pokemon Foil Swirl Decorations, Mu","11","0.25","4200"
"4804405","Party Bingo","38","5.00","4270"
"1110899","Montreal Canadiens Collection Luncheon Napkins","7","0.02","4277"
"65229","Atlantic Furniture Metro Platform Bed with Flat Pa","99","10.00","4318"
"2347","South Shore Logik Bookcase Headboard-Twin-Pure Whi","82","10.00","4359"
"7932","Legaré Furniture Children's Furniture 3-Tier Shelf","110","10.00","4372"
"471","Wildkin Sling Bookshelf, Cherry with Blue","37","7.50","4372"
"55004","Jonti-Craft 3760JC2 Read-A-Round Island, Blue","550","10.00","4395"
"4902","Gift Mark Upholstered Swivel Rocking Chair, Pink","106","10.00","4395"
"4656","HOMES: Inside + Out Jewett Sofa, Brown","1","10.00","4395"
"203234","Posh Nap Mat Nap Mat, Queen Pillow Size, Canvas - ","26","2.00","4395"
"52000000","Foamnasium Straight Back Chair, Yellow","110","5.35","4395"
"5314","KidKraft Little Dreamers Reading Nook, Gray","164","10.00","4395"
"3026","Foamnasium Block Party, 14 Piece Set, Baby Blue/Gu","431","10.00","4395"
"5377","American Furniture Classics 12 Bin Organizer for T","45","10.00","4395"
"38524","Pulaski Princess Youth Dresser with Mirror","741","10.00","4465"
"52014","Atlantic Furniture AR9012114 Metro Platform Bed wi","413","10.00","4477"
"86","Novogratz Albie A-Frame Toddler Reversible Headboa","65","10.00","4477"
"22807","Legaré Furniture Children's Race Car Standard Bed ","194","10.00","4477"
"12","JACKPOT! Princess Low Loft Bed with Slide Pink Cam","56","10.00","4477"
"341","MapleWave 0292JC011 Low Mobile Fold-N-Lock","654","10.00","4517"
"42381","Berries 8146JC1114 Stacking Chair with Chrome-Plat","233","10.00","4569"
"1373","Delta Children Disney Minnie Mouse Upholstered Cha","57","10.00","4569"
"781","Soft Landing | Sweet Seats | Premium Monkey Charac","40","2.15","4569"
"736","Babybooper Bean Bag, Pink Top Rainbow Burst, 4 Cou","79","2.60","4611"
"626","Jaxx Zipline Modular Kids Chair & Ottoman/Fold-Out","134","10.00","4611"
"83733","Gold Medal Bean Bags XX-Large Denim Bean Bag with ","65","10.00","4611"
"84","Darice 3DL-85661 1.5x2in Mini Garden Bench Wood Lo","5","0.05","4661"
"128","International Concepts","131","10.00","4681"
"693","Mercana Riddick II Bar Stool","115","10.00","4696"
"838","Emissary Home & Garden 12171GG Stool, Green","189","10.00","4696"
"1255","Dacasso Rosewood and Leather Desk Set, 10-Piece","301","10.00","4783"
"850","Unfinished Solid Oak Step Stool With Solid Tread w","97","10.00","4804"
"8261781","WonkaWoo Kids Deluxe Table & Chair Set, Espresso, ","88","10.00","4849"
"719","Wood Designs 24 x 48 Rectangle Hardwood Table with","209","10.00","4879"
"958","Novogratz Iconic Modern Metal End Table, Gold","36","10.00","4928"
"790","COBI Small Army Hawker Hurricane Building Kit","30","1.05","4938"
"5842","Creative Converting Birthday Girl Pick Letters Can","6","0.20","4944"
"9919","24 pc Safari Wild Animal Print Birthday Cake Candl","5","0.05","4944"
"851527","Creative Converting 101155 Picks Candle, 3, Multic","4","0.02","4944"
"6198","Beware Large Styrofoam Halloween Sign","19","1.73","5061"
"3312","3B Scientific A792 5 Piece Lumbar Vertebrae Set, 1","140","2.50","5092"
"60","Industro Stainless Steel Hose Clamps","17","1.17","5100"
"994","Fantasy Fields TD-12806A Girls Ballet Swan Lake Ba","39","4.10","5126"
"3410","Metaltex Stop Door Handle 6 pcs","4","0.09","5131"
"69568","Kirby Part Handle Grip","33","0.45","5131"
"364","Surya HOO1020-913 Hoboken Area Rug, 9' x 13', Blue","2","10.00","5176"
"519","Flagship Carpets FE137-44A Lady Bug Rug, Learning ","266","10.00","5206"
"148","Kaleen Rugs Lily & Liam Collection LAL02-75 Grey M","26","0.01","5206"
"5330","Fun Rugs Fun Time Jigsaw Puzzle Novelty Rug, 51 x ","42","7.00","5206"
"545781","Earth Rugs 31-IC116TT IC-116 Tall Timbers 5 Round ","7","0.08","5206"
"5578","Flagship Carpets CE194-28W Multi Primary Pictures ","138","10.00","5206"
"564","SignMission Chocolate Covered Bacon 48 Banner Conc","15","0.57","5315"
"85390919","Achim Home Furnishings Cordless Celestial Room Dar","57","4.75","5365"
"45208","Jay Franco Nickelodeon JoJo Siwa Sweet Life Curtai","20","1.14","5365"
"224","ARTSCAPE Stella Window Film 24 x 36","11","1.20","5384"
"80000","HIDBEA One Way Window Film Mirror Film for Windows","29","2.80","5384"
"271","ARTSCAPE Waterlines Window Film","15","0.40","5384"
"28","Amscan | Party Tablewares | Elegant Leaves Dinner ","19","0.30","5457"
"610","AMAV Cotton Candy Party Building Kit. Your childre","15","2.23","5520"
"9069","Crocodile Creek Eco Kids Reusable Jungle Jamboree ","8","0.26","5549"
"439","Nickelodeon Paw Patrol LED Canvas Wall Art, 11.5 x","15","1.20","5578"
"43543","30th Birthday Fabric Sash","7","0.02","5583"
"2040","Modern Prints Assorted Pop Up Boxes For Christmas ","6","2.35","5583"
"315","Marvel Spider-Man LED Canvas Wall Art","18","1.15","5583"
"99305","HEALTH EDCO W43188 What You Should Know About STDs","107","7.00","5630"
"6308","3B Scientific VR1334L Glossy Laminated Paper Human","21","1.20","5630"
"688395","Eureka Dr. Seuss Back to School Classroom Supplies","10","0.25","5700"
"67356","Jurassic World Raptor Plush Figure Toy for Dogs | ","7","0.20","5917"
"276","Davis Quick Ref Coastwise Piloting #126","8","0.22","6034"
"1220000","K2 F.I.T. 80 Boa Inline Skates","95","8.50","6345"
"628","BuitenSpeel Toys Croquet Jr. Outdoor Game","30","4.28","7124"
"890044694","Propel Trampolines Propel Shade Cover, 12', Multic","70","2.50","7154"
"6226","Acme Soft Handle 5 Kids Value Scissors (ACM14726)","4","0.05","5771"
"3362","Rollerblade 90mm Wheel Kit","80","2.30","6210"
"1357","Redcat Racing 02078 O-Rings (12Piece)","7","0.02","5929"
"6978","K2 Skate Men's MOD 110 Inline Skate","329","10.00","6227"
"66564292","K2 Skate Men's MOD 110 Inline Skate","329","10.00","6227"
"2007","K2 Skate Men's Kinetic 80 Inline Skate","80","7.40","6227"
"169","Rollerblade NJ Team Unisex Adult Street Inline Ska","280","1.00","6227"
"339800","K2 Skate Men's Kinetic 80 Pro Inline Skate, Black ","90","7.20","6227"
"7244","Curve ACTSCOT-487CV-PNK Tilt And Turn 3-Wheel Scoo","34","4.60","6750"
"18726039","DB Longboards Contra Drop Deck Maple Longboard Com","81","9.10","6855"
"185","PARADISE The Mallows Kicktail Complete Longboard","112","7.40","6855"
"365","Roller Derby Slide Street Surf Skateboard Black So","164","7.70","6855"
"22","Rayne Longboards Demonseed Longboard Complete","250","9.40","6855"
"56844","Water Sports Dive Sticks","8","0.85","6978"
"62","Penn Fathom Lever Drag","177","1.80","6993"
"762","Kettler Advantage Indoor Table Tennis Bundle: 4 Pl","38","1.80","7145"
"96","Everlast Professional Hand Wraps","7","1.00","7263"
"836","MightySkins Skin Compatible with Razor Hovertrax 2","17","1.00","1109"
"16332","MightySkins Skin Compatible with Razor Hovertrax 2","17","1.00","1109"
"629","MightySkins Skin Compatible with Swagtron T1 - Spo","15","0.06","1109"
"614","MightySkins Skin Compatible with Boosted Board Min","30","0.06","1109"
"641061","MightySkins Skin Compatible with Razor Hovertrax 2","17","0.06","1109"
"81287","MightySkins Skin Compatible with Razor Turbo Jetts","20","0.06","1109"
"48718000","MightySkins Skin Compatible with Swagtron SwagDron","20","0.06","1109"
"1000000000","MightySkins Skin Compatible with Razor Turbo Jetts","20","0.06","1109"
"14211","MightySkins Skin Compatible with Razor Turbo Jetts","20","0.06","1109"
"430000","MightySkins Skin Compatible with Swagtron T5 - Rai","17","0.06","1109"
"2596","MightySkins Skin Compatible with Swagtron T5 - Neb","16","0.06","1109"
"9663362","MightySkins 2 Pack of Full Coverage Skins Compatib","10","1.00","1109"
"585404","MightySkins Skin Compatible with Hover Board Self ","17","1.00","1109"
"7326","MightySkins Skin Compatible with Swagtron Swagger ","20","1.00","1109"
"38063","MightySkins Skin Compatible with Razor Electric Ri","20","0.06","1109"
"795","MightySkins Skin Compatible with Hover-1 H1 Hoverb","20","0.06","1109"
"23","Crayola Art Supplies, Drafting Tool (75-2462)","5","0.25","5830"
"26598762","WWE Tug Toys","15","0.30","5915"
"74104","Losi Air Filter Foams, Pre-Oiled: 8B, 8T, LOSA9151","11","0.02","5978"
"6005","Ferrari Classic Roller Skates, Yellow, Size 41","126","7.00","6362"
"43553366","Epic Skates Epic Princess Twilight Indoor/Outdoor ","90","5.55","6362"
"238833","Roller Derby Roller Star Women's Roller Skates, 9,","50","5.70","6362"
"89732","MightySkins Skin Compatible with Swagtron T580 - P","20","0.06","6729"
"589798851","TruJump 40 Mini Trampoline","74","10.00","7217"
"80000000","Ultra Pro Gamers Bag - Red","75","2.28","5994"
"913865","Mohawk Finishing Products M230-1250 Fil-Stik Repai","15","0.35","7343"
"36985","Swimline Vac Handle Long Lock Pins (3 Pack)","5","0.09","5911"
"75414","Georgia Bulldogs 20 oz. Plastic Cups, 8-Count","11","0.10","5999"
"602062","NFL New England Patriots Baby Rattle Set - 2 Pack","14","1.00","6015"
"782130","Lionel Racing, Paul Menard, Motorcraft, 2019, Ford","8","0.15","6086"
"861836","Lionel Racing, Ryan Preece, Louisiana Hot Sauce, 2","8","0.30","6086"
"432","Disney·Pixar Cars - Strip The King Weathers","23","0.20","6102"
"2741126","Mongoose Kids Mountain Bike Helmet Zone Collection","23","0.62","6160"
"65615","Burton Boy's Total Impact Short","81","4.00","6837"
"65","PartyPongTables.com 8-Foot Beer Pong Table w/Optio","180","10.00","7020"
"7833","Brybelly Universal Black Nylon Washers for Standar","8","0.02","7036"
"947242","Multiplication Bingo Game","10","1.40","7060"
"198897","Poolmaster 72687 Official USA / WBA Competition Ba","19","2.15","7304"
"440","Dynamite Buggy .21 Mach 2, DYN0897","130","0.60","5921"
"657263","Air Zone 20 Rhino BMX Freestyle Bike","150","10.00","6115"
"334","Epic Skates 2016 Epic Nitro Turbo 1 Indoor/Outdoor","49","7.00","6204"
"600000","Jumping Surface for 14' Trampoline with 96 V-Rings","100","10.00","7170"
"7718","Upper Bounce 13' Trampoline Jumping Mat fits for 1","57","10.00","7170"
"874","Breyer Traditional Halter with Lead Horse Toy Acce","11","0.05","7243"
"5912","Roces 550030 Model Chuck Roller Skate,Black/White,","78","5.60","7321"
"5049","Steve Spangler Science Halloween Decorating Kit – ","50","3.80","5803"
"461278","Robinson Racing Products 1419 Absolute Pinion Gear","8","0.02","5983"
"3816","Poolmaster 87448 45-Inch Convertible Boat Oars and","12","2.00","6968"
"19","Sport Squad HX40 40 inch Table Top Air Hockey Tabl","68","10.00","7015"
"734","Franklin Sports 8.5 Rubber Tetherball","15","1.50","7129"
"730399254","3DLightFX Star Wars Boba Fett 3D Deco Light","33","2.35","7351"
